Países;Grupos de edad;Periodo;Total
UE27_2020;De 15 a 64 años;2023;9,3
UE27_2020;De 15 a 64 años;2022;9,8
UE27_2020;De 15 a 64 años;2021;10
UE27_2020;De 15 a 64 años;2020;10,1
UE27_2020;De 15 a 64 años;2019;10,3
UE27_2020;De 15 a 64 años;2018;10,3
UE27_2020;De 15 a 64 años;2017;10,3
UE27_2020;De 15 a 64 años;2016;10,2
UE27_2020;De 15 a 64 años;2015;10,2
UE27_2020;De 15 a 64 años;2014;10,1
UE27_2020;De 15 a 64 años;2013;10,3
UE27_2020;De 15 a 24 años;2023;4,2
UE27_2020;De 15 a 24 años;2022;4,7
UE27_2020;De 15 a 24 años;2021;4,7
UE27_2020;De 15 a 24 años;2020;4,8
UE27_2020;De 15 a 24 años;2019;4,7
UE27_2020;De 15 a 24 años;2018;4,5
UE27_2020;De 15 a 24 años;2017;4,1
UE27_2020;De 15 a 24 años;2016;4,1
UE27_2020;De 15 a 24 años;2015;4,1
UE27_2020;De 15 a 24 años;2014;4,2
UE27_2020;De 15 a 24 años;2013;""
UE27_2020;De 25 a 54 años;2023;10,1
UE27_2020;De 25 a 54 años;2022;10,5
UE27_2020;De 25 a 54 años;2021;10,6
UE27_2020;De 25 a 54 años;2020;11,1
UE27_2020;De 25 a 54 años;2019;11,6
UE27_2020;De 25 a 54 años;2018;11,7
UE27_2020;De 25 a 54 años;2017;11,8
UE27_2020;De 25 a 54 años;2016;11,6
UE27_2020;De 25 a 54 años;2015;11,5
UE27_2020;De 25 a 54 años;2014;11,4
UE27_2020;De 25 a 54 años;2013;""
UE27_2020;De 20 a 64 años;2023;10,3
UE27_2020;De 20 a 64 años;2022;10,7
UE27_2020;De 20 a 64 años;2021;10,9
UE27_2020;De 20 a 64 años;2020;11,1
UE27_2020;De 20 a 64 años;2019;11,2
UE27_2020;De 20 a 64 años;2018;11,3
UE27_2020;De 20 a 64 años;2017;11,3
UE27_2020;De 20 a 64 años;2016;11,1
UE27_2020;De 20 a 64 años;2015;11,1
UE27_2020;De 20 a 64 años;2014;11,1
UE27_2020;De 20 a 64 años;2013;11,3
UE27_2020;De 55 a 64 años;2023;12
UE27_2020;De 55 a 64 años;2022;12,5
UE27_2020;De 55 a 64 años;2021;12,6
UE27_2020;De 55 a 64 años;2020;12,5
UE27_2020;De 55 a 64 años;2019;13,1
UE27_2020;De 55 a 64 años;2018;13,1
UE27_2020;De 55 a 64 años;2017;12,8
UE27_2020;De 55 a 64 años;2016;12,8
UE27_2020;De 55 a 64 años;2015;13
UE27_2020;De 55 a 64 años;2014;13,2
UE27_2020;De 55 a 64 años;2013;13,7
UE-28;De 15 a 64 años;2023;..
UE-28;De 15 a 64 años;2022;..
UE-28;De 15 a 64 años;2021;..
UE-28;De 15 a 64 años;2020;..
UE-28;De 15 a 64 años;2019;10,4
UE-28;De 15 a 64 años;2018;10,5
UE-28;De 15 a 64 años;2017;10,4
UE-28;De 15 a 64 años;2016;10,5
UE-28;De 15 a 64 años;2015;10,5
UE-28;De 15 a 64 años;2014;10,5
UE-28;De 15 a 64 años;2013;10,6
UE-28;De 15 a 24 años;2023;..
UE-28;De 15 a 24 años;2022;..
UE-28;De 15 a 24 años;2021;..
UE-28;De 15 a 24 años;2020;..
UE-28;De 15 a 24 años;2019;4
UE-28;De 15 a 24 años;2018;4
UE-28;De 15 a 24 años;2017;3,5
UE-28;De 15 a 24 años;2016;3,4
UE-28;De 15 a 24 años;2015;3,6
UE-28;De 15 a 24 años;2014;3,7
UE-28;De 15 a 24 años;2013;3,8
UE-28;De 25 a 54 años;2023;..
UE-28;De 25 a 54 años;2022;..
UE-28;De 25 a 54 años;2021;..
UE-28;De 25 a 54 años;2020;..
UE-28;De 25 a 54 años;2019;11,5
UE-28;De 25 a 54 años;2018;11,6
UE-28;De 25 a 54 años;2017;11,8
UE-28;De 25 a 54 años;2016;11,6
UE-28;De 25 a 54 años;2015;11,5
UE-28;De 25 a 54 años;2014;11,5
UE-28;De 25 a 54 años;2013;11,4
UE-28;De 20 a 64 años;2023;..
UE-28;De 20 a 64 años;2022;..
UE-28;De 20 a 64 años;2021;..
UE-28;De 20 a 64 años;2020;..
UE-28;De 20 a 64 años;2019;11,4
UE-28;De 20 a 64 años;2018;11,6
UE-28;De 20 a 64 años;2017;11,5
UE-28;De 20 a 64 años;2016;11,6
UE-28;De 20 a 64 años;2015;11,6
UE-28;De 20 a 64 años;2014;11,5
UE-28;De 20 a 64 años;2013;11,7
UE-28;De 55 a 64 años;2023;..
UE-28;De 55 a 64 años;2022;..
UE-28;De 55 a 64 años;2021;..
UE-28;De 55 a 64 años;2020;..
UE-28;De 55 a 64 años;2019;13
UE-28;De 55 a 64 años;2018;13
UE-28;De 55 a 64 años;2017;12,9
UE-28;De 55 a 64 años;2016;13,1
UE-28;De 55 a 64 años;2015;13,2
UE-28;De 55 a 64 años;2014;13,6
UE-28;De 55 a 64 años;2013;14
Bélgica;De 15 a 64 años;2023;6,6
Bélgica;De 15 a 64 años;2022;6,6
Bélgica;De 15 a 64 años;2021;6,9
Bélgica;De 15 a 64 años;2020;7,4
Bélgica;De 15 a 64 años;2019;7,2
Bélgica;De 15 a 64 años;2018;7,5
Bélgica;De 15 a 64 años;2017;8,8
Bélgica;De 15 a 64 años;2016;8,4
Bélgica;De 15 a 64 años;2015;7,5
Bélgica;De 15 a 64 años;2014;7,9
Bélgica;De 15 a 64 años;2013;9,2
Bélgica;De 15 a 24 años;2023;1,2
Bélgica;De 15 a 24 años;2022;1,1
Bélgica;De 15 a 24 años;2021;2,1
Bélgica;De 15 a 24 años;2020;3,1
Bélgica;De 15 a 24 años;2019;1,5
Bélgica;De 15 a 24 años;2018;2,9
Bélgica;De 15 a 24 años;2017;3,5
Bélgica;De 15 a 24 años;2016;2,6
Bélgica;De 15 a 24 años;2015;3,3
Bélgica;De 15 a 24 años;2014;2,7
Bélgica;De 15 a 24 años;2013;3,4
Bélgica;De 25 a 54 años;2023;7,9
Bélgica;De 25 a 54 años;2022;7,5
Bélgica;De 25 a 54 años;2021;7,7
Bélgica;De 25 a 54 años;2020;7,8
Bélgica;De 25 a 54 años;2019;7,9
Bélgica;De 25 a 54 años;2018;8,3
Bélgica;De 25 a 54 años;2017;9,8
Bélgica;De 25 a 54 años;2016;9,5
Bélgica;De 25 a 54 años;2015;8
Bélgica;De 25 a 54 años;2014;8,3
Bélgica;De 25 a 54 años;2013;10
Bélgica;De 20 a 64 años;2023;7,6
Bélgica;De 20 a 64 años;2022;7,6
Bélgica;De 20 a 64 años;2021;7,7
Bélgica;De 20 a 64 años;2020;8,2
Bélgica;De 20 a 64 años;2019;8
Bélgica;De 20 a 64 años;2018;8,4
Bélgica;De 20 a 64 años;2017;9,8
Bélgica;De 20 a 64 años;2016;9,3
Bélgica;De 20 a 64 años;2015;8,3
Bélgica;De 20 a 64 años;2014;8,7
Bélgica;De 20 a 64 años;2013;10,2
Bélgica;De 55 a 64 años;2023;8,8
Bélgica;De 55 a 64 años;2022;9,7
Bélgica;De 55 a 64 años;2021;9,7
Bélgica;De 55 a 64 años;2020;10,7
Bélgica;De 55 a 64 años;2019;10,3
Bélgica;De 55 a 64 años;2018;9,5
Bélgica;De 55 a 64 años;2017;11
Bélgica;De 55 a 64 años;2016;10,5
Bélgica;De 55 a 64 años;2015;9,6
Bélgica;De 55 a 64 años;2014;11,4
Bélgica;De 55 a 64 años;2013;11,9
Bulgaria;De 15 a 64 años;2023;6,5
Bulgaria;De 15 a 64 años;2022;7
Bulgaria;De 15 a 64 años;2021;7,8
Bulgaria;De 15 a 64 años;2020;8,2
Bulgaria;De 15 a 64 años;2019;8,1
Bulgaria;De 15 a 64 años;2018;7,6
Bulgaria;De 15 a 64 años;2017;7,5
Bulgaria;De 15 a 64 años;2016;6,7
Bulgaria;De 15 a 64 años;2015;6,1
Bulgaria;De 15 a 64 años;2014;5,7
Bulgaria;De 15 a 64 años;2013;5,3
Bulgaria;De 15 a 24 años;2023;5
Bulgaria;De 15 a 24 años;2022;7,3
Bulgaria;De 15 a 24 años;2021;7,2
Bulgaria;De 15 a 24 años;2020;6
Bulgaria;De 15 a 24 años;2019;6,6
Bulgaria;De 15 a 24 años;2018;7,2
Bulgaria;De 15 a 24 años;2017;7,4
Bulgaria;De 15 a 24 años;2016;6,8
Bulgaria;De 15 a 24 años;2015;7,5
Bulgaria;De 15 a 24 años;2014;6,7
Bulgaria;De 15 a 24 años;2013;5,6
Bulgaria;De 25 a 54 años;2023;6
Bulgaria;De 25 a 54 años;2022;6,1
Bulgaria;De 25 a 54 años;2021;7,2
Bulgaria;De 25 a 54 años;2020;8
Bulgaria;De 25 a 54 años;2019;7,7
Bulgaria;De 25 a 54 años;2018;7
Bulgaria;De 25 a 54 años;2017;7
Bulgaria;De 25 a 54 años;2016;6,2
Bulgaria;De 25 a 54 años;2015;4,9
Bulgaria;De 25 a 54 años;2014;3,9
Bulgaria;De 25 a 54 años;2013;3,5
Bulgaria;De 20 a 64 años;2023;7,3
Bulgaria;De 20 a 64 años;2022;7,7
Bulgaria;De 20 a 64 años;2021;8,4
Bulgaria;De 20 a 64 años;2020;8,9
Bulgaria;De 20 a 64 años;2019;8,6
Bulgaria;De 20 a 64 años;2018;8,2
Bulgaria;De 20 a 64 años;2017;8
Bulgaria;De 20 a 64 años;2016;7,3
Bulgaria;De 20 a 64 años;2015;6,6
Bulgaria;De 20 a 64 años;2014;6,1
Bulgaria;De 20 a 64 años;2013;5,7
Bulgaria;De 55 a 64 años;2023;8,7
Bulgaria;De 55 a 64 años;2022;9,8
Bulgaria;De 55 a 64 años;2021;9,8
Bulgaria;De 55 a 64 años;2020;10
Bulgaria;De 55 a 64 años;2019;9,3
Bulgaria;De 55 a 64 años;2018;9
Bulgaria;De 55 a 64 años;2017;8,2
Bulgaria;De 55 a 64 años;2016;7,3
Bulgaria;De 55 a 64 años;2015;7,3
Bulgaria;De 55 a 64 años;2014;8,5
Bulgaria;De 55 a 64 años;2013;8,5
República Checa;De 15 a 64 años;2023;13,4
República Checa;De 15 a 64 años;2022;13,7
República Checa;De 15 a 64 años;2021;14,2
República Checa;De 15 a 64 años;2020;14,3
República Checa;De 15 a 64 años;2019;13,8
República Checa;De 15 a 64 años;2018;14,2
República Checa;De 15 a 64 años;2017;14,7
República Checa;De 15 a 64 años;2016;14,9
República Checa;De 15 a 64 años;2015;15,5
República Checa;De 15 a 64 años;2014;16,3
República Checa;De 15 a 64 años;2013;16,1
República Checa;De 15 a 24 años;2023;7,4
República Checa;De 15 a 24 años;2022;8,2
República Checa;De 15 a 24 años;2021;9,5
República Checa;De 15 a 24 años;2020;11
República Checa;De 15 a 24 años;2019;7,3
República Checa;De 15 a 24 años;2018;7,9
República Checa;De 15 a 24 años;2017;9,5
República Checa;De 15 a 24 años;2016;10,6
República Checa;De 15 a 24 años;2015;9,7
República Checa;De 15 a 24 años;2014;10,7
República Checa;De 15 a 24 años;2013;8,9
República Checa;De 25 a 54 años;2023;14,1
República Checa;De 25 a 54 años;2022;15,3
República Checa;De 25 a 54 años;2021;15,4
República Checa;De 25 a 54 años;2020;15
República Checa;De 25 a 54 años;2019;14,5
República Checa;De 25 a 54 años;2018;14,3
República Checa;De 25 a 54 años;2017;14,4
República Checa;De 25 a 54 años;2016;14,3
República Checa;De 25 a 54 años;2015;15,2
República Checa;De 25 a 54 años;2014;15,8
República Checa;De 25 a 54 años;2013;15,7
República Checa;De 20 a 64 años;2023;13,9
República Checa;De 20 a 64 años;2022;14,9
República Checa;De 20 a 64 años;2021;15,4
República Checa;De 20 a 64 años;2020;15,3
República Checa;De 20 a 64 años;2019;15
República Checa;De 20 a 64 años;2018;15,2
República Checa;De 20 a 64 años;2017;15,8
República Checa;De 20 a 64 años;2016;16
República Checa;De 20 a 64 años;2015;16,6
República Checa;De 20 a 64 años;2014;17,5
República Checa;De 20 a 64 años;2013;17,2
República Checa;De 55 a 64 años;2023;9,9
República Checa;De 55 a 64 años;2022;12,3
República Checa;De 55 a 64 años;2021;13,2
República Checa;De 55 a 64 años;2020;13,9
República Checa;De 55 a 64 años;2019;15,8
República Checa;De 55 a 64 años;2018;17,4
República Checa;De 55 a 64 años;2017;18,7
República Checa;De 55 a 64 años;2016;18,9
República Checa;De 55 a 64 años;2015;19,6
República Checa;De 55 a 64 años;2014;21
República Checa;De 55 a 64 años;2013;21,1
Dinamarca;De 15 a 64 años;2023;4,7
Dinamarca;De 15 a 64 años;2022;4,5
Dinamarca;De 15 a 64 años;2021;5,9
Dinamarca;De 15 a 64 años;2020;5,9
Dinamarca;De 15 a 64 años;2019;6
Dinamarca;De 15 a 64 años;2018;5,6
Dinamarca;De 15 a 64 años;2017;5,5
Dinamarca;De 15 a 64 años;2016;5,7
Dinamarca;De 15 a 64 años;2015;6,5
Dinamarca;De 15 a 64 años;2014;6,1
Dinamarca;De 15 a 64 años;2013;5
Dinamarca;De 15 a 24 años;2023;-2,3
Dinamarca;De 15 a 24 años;2022;-0,3
Dinamarca;De 15 a 24 años;2021;1
Dinamarca;De 15 a 24 años;2020;-1,5
Dinamarca;De 15 a 24 años;2019;-1,6
Dinamarca;De 15 a 24 años;2018;-2,9
Dinamarca;De 15 a 24 años;2017;-2
Dinamarca;De 15 a 24 años;2016;-4,5
Dinamarca;De 15 a 24 años;2015;-1,9
Dinamarca;De 15 a 24 años;2014;-2,4
Dinamarca;De 15 a 24 años;2013;-2,7
Dinamarca;De 25 a 54 años;2023;5,8
Dinamarca;De 25 a 54 años;2022;4,9
Dinamarca;De 25 a 54 años;2021;6,8
Dinamarca;De 25 a 54 años;2020;7,5
Dinamarca;De 25 a 54 años;2019;7,5
Dinamarca;De 25 a 54 años;2018;7,4
Dinamarca;De 25 a 54 años;2017;7,3
Dinamarca;De 25 a 54 años;2016;8,2
Dinamarca;De 25 a 54 años;2015;7,9
Dinamarca;De 25 a 54 años;2014;7,3
Dinamarca;De 25 a 54 años;2013;6
Dinamarca;De 20 a 64 años;2023;5,6
Dinamarca;De 20 a 64 años;2022;5,4
Dinamarca;De 20 a 64 años;2021;6,9
Dinamarca;De 20 a 64 años;2020;7
Dinamarca;De 20 a 64 años;2019;7,2
Dinamarca;De 20 a 64 años;2018;7
Dinamarca;De 20 a 64 años;2017;6,7
Dinamarca;De 20 a 64 años;2016;6,9
Dinamarca;De 20 a 64 años;2015;7,8
Dinamarca;De 20 a 64 años;2014;7,4
Dinamarca;De 20 a 64 años;2013;6,3
Dinamarca;De 55 a 64 años;2023;8,1
Dinamarca;De 55 a 64 años;2022;7,8
Dinamarca;De 55 a 64 años;2021;8,1
Dinamarca;De 55 a 64 años;2020;8,7
Dinamarca;De 55 a 64 años;2019;8,9
Dinamarca;De 55 a 64 años;2018;9,2
Dinamarca;De 55 a 64 años;2017;7,7
Dinamarca;De 55 a 64 años;2016;8,5
Dinamarca;De 55 a 64 años;2015;10,7
Dinamarca;De 55 a 64 años;2014;11,6
Dinamarca;De 55 a 64 años;2013;9,7
Alemania;De 15 a 64 años;2023;7,2
Alemania;De 15 a 64 años;2022;7,4
Alemania;De 15 a 64 años;2021;7,1
Alemania;De 15 a 64 años;2020;6
Alemania;De 15 a 64 años;2019;7,7
Alemania;De 15 a 64 años;2018;7,6
Alemania;De 15 a 64 años;2017;7,4
Alemania;De 15 a 64 años;2016;7,6
Alemania;De 15 a 64 años;2015;8,1
Alemania;De 15 a 64 años;2014;8,6
Alemania;De 15 a 64 años;2013;8,9
Alemania;De 15 a 24 años;2023;3,8
Alemania;De 15 a 24 años;2022;4,6
Alemania;De 15 a 24 años;2021;5
Alemania;De 15 a 24 años;2020;4
Alemania;De 15 a 24 años;2019;4,5
Alemania;De 15 a 24 años;2018;3,4
Alemania;De 15 a 24 años;2017;1,9
Alemania;De 15 a 24 años;2016;2,4
Alemania;De 15 a 24 años;2015;2,5
Alemania;De 15 a 24 años;2014;3,4
Alemania;De 15 a 24 años;2013;3,1
Alemania;De 25 a 54 años;2023;8,4
Alemania;De 25 a 54 años;2022;8,2
Alemania;De 25 a 54 años;2021;7,5
Alemania;De 25 a 54 años;2020;6,2
Alemania;De 25 a 54 años;2019;8,5
Alemania;De 25 a 54 años;2018;8,4
Alemania;De 25 a 54 años;2017;8,4
Alemania;De 25 a 54 años;2016;8,4
Alemania;De 25 a 54 años;2015;8,9
Alemania;De 25 a 54 años;2014;9,2
Alemania;De 25 a 54 años;2013;9,3
Alemania;De 20 a 64 años;2023;7,7
Alemania;De 20 a 64 años;2022;7,8
Alemania;De 20 a 64 años;2021;7,3
Alemania;De 20 a 64 años;2020;6,3
Alemania;De 20 a 64 años;2019;8
Alemania;De 20 a 64 años;2018;8,1
Alemania;De 20 a 64 años;2017;7,9
Alemania;De 20 a 64 años;2016;8,2
Alemania;De 20 a 64 años;2015;8,7
Alemania;De 20 a 64 años;2014;9,1
Alemania;De 20 a 64 años;2013;9,6
Alemania;De 55 a 64 años;2023;7,2
Alemania;De 55 a 64 años;2022;7,9
Alemania;De 55 a 64 años;2021;8,1
Alemania;De 55 a 64 años;2020;7,6
Alemania;De 55 a 64 años;2019;8,7
Alemania;De 55 a 64 años;2018;9,2
Alemania;De 55 a 64 años;2017;9,6
Alemania;De 55 a 64 años;2016;10,2
Alemania;De 55 a 64 años;2015;10,1
Alemania;De 55 a 64 años;2014;11,4
Alemania;De 55 a 64 años;2013;12,3
Estonia;De 15 a 64 años;2023;1,7
Estonia;De 15 a 64 años;2022;2,2
Estonia;De 15 a 64 años;2021;3,2
Estonia;De 15 a 64 años;2020;5,4
Estonia;De 15 a 64 años;2019;6,8
Estonia;De 15 a 64 años;2018;6,7
Estonia;De 15 a 64 años;2017;6,5
Estonia;De 15 a 64 años;2016;7,1
Estonia;De 15 a 64 años;2015;6,8
Estonia;De 15 a 64 años;2014;6,7
Estonia;De 15 a 64 años;2013;5,7
Estonia;De 15 a 24 años;2023;-5,3
Estonia;De 15 a 24 años;2022;-7,7
Estonia;De 15 a 24 años;2021;-0,9
Estonia;De 15 a 24 años;2020;3,4
Estonia;De 15 a 24 años;2019;3,4
Estonia;De 15 a 24 años;2018;3,6
Estonia;De 15 a 24 años;2017;4,6
Estonia;De 15 a 24 años;2016;2,7
Estonia;De 15 a 24 años;2015;6,3
Estonia;De 15 a 24 años;2014;0,1
Estonia;De 15 a 24 años;2013;3,3
Estonia;De 25 a 54 años;2023;4,4
Estonia;De 25 a 54 años;2022;5,6
Estonia;De 25 a 54 años;2021;5,5
Estonia;De 25 a 54 años;2020;9,2
Estonia;De 25 a 54 años;2019;10,9
Estonia;De 25 a 54 años;2018;10,8
Estonia;De 25 a 54 años;2017;9,3
Estonia;De 25 a 54 años;2016;10,7
Estonia;De 25 a 54 años;2015;9,5
Estonia;De 25 a 54 años;2014;9,5
Estonia;De 25 a 54 años;2013;8,6
Estonia;De 20 a 64 años;2023;2,4
Estonia;De 20 a 64 años;2022;2,9
Estonia;De 20 a 64 años;2021;3,7
Estonia;De 20 a 64 años;2020;6
Estonia;De 20 a 64 años;2019;7,7
Estonia;De 20 a 64 años;2018;7,8
Estonia;De 20 a 64 años;2017;7,3
Estonia;De 20 a 64 años;2016;8,2
Estonia;De 20 a 64 años;2015;7,9
Estonia;De 20 a 64 años;2014;7,7
Estonia;De 20 a 64 años;2013;6,6
Estonia;De 55 a 64 años;2023;-3,7
Estonia;De 55 a 64 años;2022;-3,8
Estonia;De 55 a 64 años;2021;-2,8
Estonia;De 55 a 64 años;2020;-6,1
Estonia;De 55 a 64 años;2019;-5,3
Estonia;De 55 a 64 años;2018;-5,6
Estonia;De 55 a 64 años;2017;-2,7
Estonia;De 55 a 64 años;2016;-2,8
Estonia;De 55 a 64 años;2015;-2,6
Estonia;De 55 a 64 años;2014;2
Estonia;De 55 a 64 años;2013;-2,2
Irlanda;De 15 a 64 años;2023;8,3
Irlanda;De 15 a 64 años;2022;9,7
Irlanda;De 15 a 64 años;2021;8,8
Irlanda;De 15 a 64 años;2020;10,8
Irlanda;De 15 a 64 años;2019;10,8
Irlanda;De 15 a 64 años;2018;10,8
Irlanda;De 15 a 64 años;2017;10,6
Irlanda;De 15 a 64 años;2016;10,7
Irlanda;De 15 a 64 años;2015;11
Irlanda;De 15 a 64 años;2014;10,4
Irlanda;De 15 a 64 años;2013;9,2
Irlanda;De 15 a 24 años;2023;-0,6
Irlanda;De 15 a 24 años;2022;0,6
Irlanda;De 15 a 24 años;2021;0,3
Irlanda;De 15 a 24 años;2020;1
Irlanda;De 15 a 24 años;2019;0,4
Irlanda;De 15 a 24 años;2018;1,9
Irlanda;De 15 a 24 años;2017;0,5
Irlanda;De 15 a 24 años;2016;0,5
Irlanda;De 15 a 24 años;2015;1
Irlanda;De 15 a 24 años;2014;0,2
Irlanda;De 15 a 24 años;2013;-1,1
Irlanda;De 25 a 54 años;2023;9,8
Irlanda;De 25 a 54 años;2022;11,2
Irlanda;De 25 a 54 años;2021;10,8
Irlanda;De 25 a 54 años;2020;13,1
Irlanda;De 25 a 54 años;2019;13,1
Irlanda;De 25 a 54 años;2018;12,8
Irlanda;De 25 a 54 años;2017;12,8
Irlanda;De 25 a 54 años;2016;12,7
Irlanda;De 25 a 54 años;2015;12,6
Irlanda;De 25 a 54 años;2014;12,4
Irlanda;De 25 a 54 años;2013;11,1
Irlanda;De 20 a 64 años;2023;9,9
Irlanda;De 20 a 64 años;2022;11,3
Irlanda;De 20 a 64 años;2021;10
Irlanda;De 20 a 64 años;2020;12,1
Irlanda;De 20 a 64 años;2019;12,4
Irlanda;De 20 a 64 años;2018;12,2
Irlanda;De 20 a 64 años;2017;12,1
Irlanda;De 20 a 64 años;2016;12,1
Irlanda;De 20 a 64 años;2015;12,3
Irlanda;De 20 a 64 años;2014;11,8
Irlanda;De 20 a 64 años;2013;10,6
Irlanda;De 55 a 64 años;2023;15,6
Irlanda;De 55 a 64 años;2022;16,4
Irlanda;De 55 a 64 años;2021;13,1
Irlanda;De 55 a 64 años;2020;15,3
Irlanda;De 55 a 64 años;2019;16
Irlanda;De 55 a 64 años;2018;16,3
Irlanda;De 55 a 64 años;2017;16,3
Irlanda;De 55 a 64 años;2016;16,6
Irlanda;De 55 a 64 años;2015;18,2
Irlanda;De 55 a 64 años;2014;16,5
Irlanda;De 55 a 64 años;2013;15,9
Grecia;De 15 a 64 años;2023;18
Grecia;De 15 a 64 años;2022;19,1
Grecia;De 15 a 64 años;2021;18,2
Grecia;De 15 a 64 años;2020;17,7
Grecia;De 15 a 64 años;2019;18,6
Grecia;De 15 a 64 años;2018;19,4
Grecia;De 15 a 64 años;2017;18,3
Grecia;De 15 a 64 años;2016;17,7
Grecia;De 15 a 64 años;2015;16,8
Grecia;De 15 a 64 años;2014;16,9
Grecia;De 15 a 64 años;2013;18,3
Grecia;De 15 a 24 años;2023;3,9
Grecia;De 15 a 24 años;2022;5,9
Grecia;De 15 a 24 años;2021;4,5
Grecia;De 15 a 24 años;2020;4,2
Grecia;De 15 a 24 años;2019;2,7
Grecia;De 15 a 24 años;2018;3,9
Grecia;De 15 a 24 años;2017;3,5
Grecia;De 15 a 24 años;2016;3,4
Grecia;De 15 a 24 años;2015;4,3
Grecia;De 15 a 24 años;2014;4,9
Grecia;De 15 a 24 años;2013;5,5
Grecia;De 25 a 54 años;2023;18,9
Grecia;De 25 a 54 años;2022;19,8
Grecia;De 25 a 54 años;2021;19,5
Grecia;De 25 a 54 años;2020;18,6
Grecia;De 25 a 54 años;2019;20
Grecia;De 25 a 54 años;2018;21,4
Grecia;De 25 a 54 años;2017;20,3
Grecia;De 25 a 54 años;2016;20,1
Grecia;De 25 a 54 años;2015;18,3
Grecia;De 25 a 54 años;2014;18,7
Grecia;De 25 a 54 años;2013;20,2
Grecia;De 20 a 64 años;2023;19,8
Grecia;De 20 a 64 años;2022;21
Grecia;De 20 a 64 años;2021;19,8
Grecia;De 20 a 64 años;2020;18,9
Grecia;De 20 a 64 años;2019;20
Grecia;De 20 a 64 años;2018;21
Grecia;De 20 a 64 años;2017;19,7
Grecia;De 20 a 64 años;2016;19
Grecia;De 20 a 64 años;2015;18
Grecia;De 20 a 64 años;2014;18,3
Grecia;De 20 a 64 años;2013;19,6
Grecia;De 55 a 64 años;2023;24
Grecia;De 55 a 64 años;2022;25,5
Grecia;De 55 a 64 años;2021;23,4
Grecia;De 55 a 64 años;2020;23,5
Grecia;De 55 a 64 años;2019;24,5
Grecia;De 55 a 64 años;2018;23,3
Grecia;De 55 a 64 años;2017;21,6
Grecia;De 55 a 64 años;2016;19
Grecia;De 55 a 64 años;2015;20,2
Grecia;De 55 a 64 años;2014;19
Grecia;De 55 a 64 años;2013;19,9
España;De 15 a 64 años;2023;9,1
España;De 15 a 64 años;2022;9,8
España;De 15 a 64 años;2021;9,6
España;De 15 a 64 años;2020;10,4
España;De 15 a 64 años;2019;10,8
España;De 15 a 64 años;2018;11
España;De 15 a 64 años;2017;10,8
España;De 15 a 64 años;2016;10,5
España;De 15 a 64 años;2015;10,2
España;De 15 a 64 años;2014;9,5
España;De 15 a 64 años;2013;8,9
España;De 15 a 24 años;2023;2,7
España;De 15 a 24 años;2022;3,1
España;De 15 a 24 años;2021;2,5
España;De 15 a 24 años;2020;3,7
España;De 15 a 24 años;2019;4,2
España;De 15 a 24 años;2018;2,2
España;De 15 a 24 años;2017;1,5
España;De 15 a 24 años;2016;2,2
España;De 15 a 24 años;2015;1,3
España;De 15 a 24 años;2014;1,4
España;De 15 a 24 años;2013;1
España;De 25 a 54 años;2023;10
España;De 25 a 54 años;2022;10,7
España;De 25 a 54 años;2021;10,6
España;De 25 a 54 años;2020;11,4
España;De 25 a 54 años;2019;11,7
España;De 25 a 54 años;2018;12,2
España;De 25 a 54 años;2017;12,1
España;De 25 a 54 años;2016;11,8
España;De 25 a 54 años;2015;11,4
España;De 25 a 54 años;2014;10,2
España;De 25 a 54 años;2013;9,2
España;De 20 a 64 años;2023;10,2
España;De 20 a 64 años;2022;10,9
España;De 20 a 64 años;2021;10,6
España;De 20 a 64 años;2020;11,4
España;De 20 a 64 años;2019;11,9
España;De 20 a 64 años;2018;12,1
España;De 20 a 64 años;2017;11,9
España;De 20 a 64 años;2016;11,5
España;De 20 a 64 años;2015;11,2
España;De 20 a 64 años;2014;10,2
España;De 20 a 64 años;2013;9,6
España;De 55 a 64 años;2023;13,2
España;De 55 a 64 años;2022;13,4
España;De 55 a 64 años;2021;13,2
España;De 55 a 64 años;2020;13,6
España;De 55 a 64 años;2019;14,2
España;De 55 a 64 años;2018;14,8
España;De 55 a 64 años;2017;14,3
España;De 55 a 64 años;2016;12,9
España;De 55 a 64 años;2015;13,8
España;De 55 a 64 años;2014;13,4
España;De 55 a 64 años;2013;14,2
Francia;De 15 a 64 años;2023;5
Francia;De 15 a 64 años;2022;5,2
Francia;De 15 a 64 años;2021;5,6
Francia;De 15 a 64 años;2020;6,3
Francia;De 15 a 64 años;2019;6,4
Francia;De 15 a 64 años;2018;7
Francia;De 15 a 64 años;2017;7,2
Francia;De 15 a 64 años;2016;6,6
Francia;De 15 a 64 años;2015;6,5
Francia;De 15 a 64 años;2014;6,8
Francia;De 15 a 64 años;2013;7,5
Francia;De 15 a 24 años;2023;3,1
Francia;De 15 a 24 años;2022;2,8
Francia;De 15 a 24 años;2021;3,2
Francia;De 15 a 24 años;2020;3,9
Francia;De 15 a 24 años;2019;3,7
Francia;De 15 a 24 años;2018;5
Francia;De 15 a 24 años;2017;4,6
Francia;De 15 a 24 años;2016;3,9
Francia;De 15 a 24 años;2015;4
Francia;De 15 a 24 años;2014;4,2
Francia;De 15 a 24 años;2013;5,5
Francia;De 25 a 54 años;2023;7,3
Francia;De 25 a 54 años;2022;7,6
Francia;De 25 a 54 años;2021;7,7
Francia;De 25 a 54 años;2020;8,3
Francia;De 25 a 54 años;2019;8,4
Francia;De 25 a 54 años;2018;9,1
Francia;De 25 a 54 años;2017;9,8
Francia;De 25 a 54 años;2016;8,9
Francia;De 25 a 54 años;2015;8,4
Francia;De 25 a 54 años;2014;9
Francia;De 25 a 54 años;2013;9
Francia;De 20 a 64 años;2023;5,5
Francia;De 20 a 64 años;2022;5,8
Francia;De 20 a 64 años;2021;6,2
Francia;De 20 a 64 años;2020;7
Francia;De 20 a 64 años;2019;7,1
Francia;De 20 a 64 años;2018;7,6
Francia;De 20 a 64 años;2017;7,8
Francia;De 20 a 64 años;2016;7,4
Francia;De 20 a 64 años;2015;7,2
Francia;De 20 a 64 años;2014;7,5
Francia;De 20 a 64 años;2013;8,2
Francia;De 55 a 64 años;2023;2,5
Francia;De 55 a 64 años;2022;2,8
Francia;De 55 a 64 años;2021;3,4
Francia;De 55 a 64 años;2020;4,2
Francia;De 55 a 64 años;2019;4,5
Francia;De 55 a 64 años;2018;3,8
Francia;De 55 a 64 años;2017;2,8
Francia;De 55 a 64 años;2016;3,5
Francia;De 55 a 64 años;2015;3,8
Francia;De 55 a 64 años;2014;3,6
Francia;De 55 a 64 años;2013;5,2
Croacia;De 15 a 64 años;2023;7,2
Croacia;De 15 a 64 años;2022;9,1
Croacia;De 15 a 64 años;2021;9,6
Croacia;De 15 a 64 años;2020;10,2
Croacia;De 15 a 64 años;2019;9,9
Croacia;De 15 a 64 años;2018;9,5
Croacia;De 15 a 64 años;2017;9,8
Croacia;De 15 a 64 años;2016;9
Croacia;De 15 a 64 años;2015;8,7
Croacia;De 15 a 64 años;2014;9,1
Croacia;De 15 a 64 años;2013;7,2
Croacia;De 15 a 24 años;2023;11,2
Croacia;De 15 a 24 años;2022;11,1
Croacia;De 15 a 24 años;2021;11
Croacia;De 15 a 24 años;2020;12,9
Croacia;De 15 a 24 años;2019;11,3
Croacia;De 15 a 24 años;2018;10,2
Croacia;De 15 a 24 años;2017;8
Croacia;De 15 a 24 años;2016;6,6
Croacia;De 15 a 24 años;2015;6,6
Croacia;De 15 a 24 años;2014;5,9
Croacia;De 15 a 24 años;2013;4,9
Croacia;De 25 a 54 años;2023;5,5
Croacia;De 25 a 54 años;2022;7,8
Croacia;De 25 a 54 años;2021;8
Croacia;De 25 a 54 años;2020;7,5
Croacia;De 25 a 54 años;2019;6,8
Croacia;De 25 a 54 años;2018;6,9
Croacia;De 25 a 54 años;2017;7,6
Croacia;De 25 a 54 años;2016;7,8
Croacia;De 25 a 54 años;2015;6,1
Croacia;De 25 a 54 años;2014;6,6
Croacia;De 25 a 54 años;2013;5,3
Croacia;De 20 a 64 años;2023;7,8
Croacia;De 20 a 64 años;2022;9,5
Croacia;De 20 a 64 años;2021;10,5
Croacia;De 20 a 64 años;2020;11,2
Croacia;De 20 a 64 años;2019;10,5
Croacia;De 20 a 64 años;2018;10,2
Croacia;De 20 a 64 años;2017;10,6
Croacia;De 20 a 64 años;2016;9,6
Croacia;De 20 a 64 años;2015;9,5
Croacia;De 20 a 64 años;2014;10
Croacia;De 20 a 64 años;2013;8,6
Croacia;De 55 a 64 años;2023;8,6
Croacia;De 55 a 64 años;2022;10,7
Croacia;De 55 a 64 años;2021;12,4
Croacia;De 55 a 64 años;2020;15,2
Croacia;De 55 a 64 años;2019;16,7
Croacia;De 55 a 64 años;2018;15,8
Croacia;De 55 a 64 años;2017;16,7
Croacia;De 55 a 64 años;2016;13,5
Croacia;De 55 a 64 años;2015;17,5
Croacia;De 55 a 64 años;2014;18,5
Croacia;De 55 a 64 años;2013;14
Italia;De 15 a 64 años;2023;17,9
Italia;De 15 a 64 años;2022;18,1
Italia;De 15 a 64 años;2021;17,7
Italia;De 15 a 64 años;2020;18,2
Italia;De 15 a 64 años;2019;17,9
Italia;De 15 a 64 años;2018;18,1
Italia;De 15 a 64 años;2017;18,2
Italia;De 15 a 64 años;2016;18,4
Italia;De 15 a 64 años;2015;18,3
Italia;De 15 a 64 años;2014;17,9
Italia;De 15 a 64 años;2013;18,3
Italia;De 15 a 24 años;2023;8,1
Italia;De 15 a 24 años;2022;7,4
Italia;De 15 a 24 años;2021;7,8
Italia;De 15 a 24 años;2020;7,7
Italia;De 15 a 24 años;2019;6,4
Italia;De 15 a 24 años;2018;6,5
Italia;De 15 a 24 años;2017;6,2
Italia;De 15 a 24 años;2016;5,5
Italia;De 15 a 24 años;2015;6,2
Italia;De 15 a 24 años;2014;5,4
Italia;De 15 a 24 años;2013;5,1
Italia;De 25 a 54 años;2023;19,9
Italia;De 25 a 54 años;2022;20,7
Italia;De 25 a 54 años;2021;20,1
Italia;De 25 a 54 años;2020;21
Italia;De 25 a 54 años;2019;20,7
Italia;De 25 a 54 años;2018;20,9
Italia;De 25 a 54 años;2017;20,9
Italia;De 25 a 54 años;2016;20,8
Italia;De 25 a 54 años;2015;20,7
Italia;De 25 a 54 años;2014;20,6
Italia;De 25 a 54 años;2013;21,3
Italia;De 20 a 64 años;2023;19,5
Italia;De 20 a 64 años;2022;19,7
Italia;De 20 a 64 años;2021;19,2
Italia;De 20 a 64 años;2020;19,9
Italia;De 20 a 64 años;2019;19,6
Italia;De 20 a 64 años;2018;19,8
Italia;De 20 a 64 años;2017;19,8
Italia;De 20 a 64 años;2016;20,1
Italia;De 20 a 64 años;2015;20
Italia;De 20 a 64 años;2014;19,4
Italia;De 20 a 64 años;2013;19,9
Italia;De 55 a 64 años;2023;20,6
Italia;De 55 a 64 años;2022;20,1
Italia;De 55 a 64 años;2021;19,4
Italia;De 55 a 64 años;2020;19,9
Italia;De 55 a 64 años;2019;20
Italia;De 55 a 64 años;2018;20,3
Italia;De 55 a 64 años;2017;20,5
Italia;De 55 a 64 años;2016;22
Italia;De 55 a 64 años;2015;21,4
Italia;De 55 a 64 años;2014;19,9
Italia;De 55 a 64 años;2013;19,8
Chipre;De 15 a 64 años;2023;8,1
Chipre;De 15 a 64 años;2022;11,2
Chipre;De 15 a 64 años;2021;11,4
Chipre;De 15 a 64 años;2020;11,6
Chipre;De 15 a 64 años;2019;11
Chipre;De 15 a 64 años;2018;9,1
Chipre;De 15 a 64 años;2017;8,6
Chipre;De 15 a 64 años;2016;9,3
Chipre;De 15 a 64 años;2015;7,7
Chipre;De 15 a 64 años;2014;7,4
Chipre;De 15 a 64 años;2013;10,1
Chipre;De 15 a 24 años;2023;0,1
Chipre;De 15 a 24 años;2022;2
Chipre;De 15 a 24 años;2021;3,4
Chipre;De 15 a 24 años;2020;-1,7
Chipre;De 15 a 24 años;2019;-3,7
Chipre;De 15 a 24 años;2018;-7,7
Chipre;De 15 a 24 años;2017;-6,5
Chipre;De 15 a 24 años;2016;0,3
Chipre;De 15 a 24 años;2015;-2,8
Chipre;De 15 a 24 años;2014;-0,1
Chipre;De 15 a 24 años;2013;1
Chipre;De 25 a 54 años;2023;8,2
Chipre;De 25 a 54 años;2022;10,7
Chipre;De 25 a 54 años;2021;10,4
Chipre;De 25 a 54 años;2020;10,6
Chipre;De 25 a 54 años;2019;11,3
Chipre;De 25 a 54 años;2018;11,2
Chipre;De 25 a 54 años;2017;10,1
Chipre;De 25 a 54 años;2016;9,7
Chipre;De 25 a 54 años;2015;7,9
Chipre;De 25 a 54 años;2014;6,5
Chipre;De 25 a 54 años;2013;9,3
Chipre;De 20 a 64 años;2023;9
Chipre;De 20 a 64 años;2022;12,1
Chipre;De 20 a 64 años;2021;12,2
Chipre;De 20 a 64 años;2020;12
Chipre;De 20 a 64 años;2019;11,6
Chipre;De 20 a 64 años;2018;10,4
Chipre;De 20 a 64 años;2017;9,5
Chipre;De 20 a 64 años;2016;9,7
Chipre;De 20 a 64 años;2015;8,3
Chipre;De 20 a 64 años;2014;7,7
Chipre;De 20 a 64 años;2013;10,4
Chipre;De 55 a 64 años;2023;15,7
Chipre;De 55 a 64 años;2022;21,8
Chipre;De 55 a 64 años;2021;23
Chipre;De 55 a 64 años;2020;23,9
Chipre;De 55 a 64 años;2019;21,3
Chipre;De 55 a 64 años;2018;18,4
Chipre;De 55 a 64 años;2017;18,7
Chipre;De 55 a 64 años;2016;17,3
Chipre;De 55 a 64 años;2015;18,3
Chipre;De 55 a 64 años;2014;20,2
Chipre;De 55 a 64 años;2013;22,8
Letonia;De 15 a 64 años;2023;2,5
Letonia;De 15 a 64 años;2022;2,3
Letonia;De 15 a 64 años;2021;3,9
Letonia;De 15 a 64 años;2020;2,9
Letonia;De 15 a 64 años;2019;3,2
Letonia;De 15 a 64 años;2018;3,5
Letonia;De 15 a 64 años;2017;3,5
Letonia;De 15 a 64 años;2016;2,4
Letonia;De 15 a 64 años;2015;3,5
Letonia;De 15 a 64 años;2014;4,1
Letonia;De 15 a 64 años;2013;3,4
Letonia;De 15 a 24 años;2023;2,2
Letonia;De 15 a 24 años;2022;1,7
Letonia;De 15 a 24 años;2021;4,5
Letonia;De 15 a 24 años;2020;5,8
Letonia;De 15 a 24 años;2019;4,4
Letonia;De 15 a 24 años;2018;4,9
Letonia;De 15 a 24 años;2017;4,1
Letonia;De 15 a 24 años;2016;2,4
Letonia;De 15 a 24 años;2015;5,2
Letonia;De 15 a 24 años;2014;8,2
Letonia;De 15 a 24 años;2013;6,3
Letonia;De 25 a 54 años;2023;4,6
Letonia;De 25 a 54 años;2022;4,5
Letonia;De 25 a 54 años;2021;5
Letonia;De 25 a 54 años;2020;3,2
Letonia;De 25 a 54 años;2019;4,2
Letonia;De 25 a 54 años;2018;3,9
Letonia;De 25 a 54 años;2017;4,5
Letonia;De 25 a 54 años;2016;3,3
Letonia;De 25 a 54 años;2015;3,9
Letonia;De 25 a 54 años;2014;4,4
Letonia;De 25 a 54 años;2013;3,8
Letonia;De 20 a 64 años;2023;3,1
Letonia;De 20 a 64 años;2022;3,1
Letonia;De 20 a 64 años;2021;4,8
Letonia;De 20 a 64 años;2020;3,8
Letonia;De 20 a 64 años;2019;3,8
Letonia;De 20 a 64 años;2018;4,2
Letonia;De 20 a 64 años;2017;4,3
Letonia;De 20 a 64 años;2016;2,9
Letonia;De 20 a 64 años;2015;4,1
Letonia;De 20 a 64 años;2014;4,6
Letonia;De 20 a 64 años;2013;4,2
Letonia;De 55 a 64 años;2023;-1,8
Letonia;De 55 a 64 años;2022;-2,2
Letonia;De 55 a 64 años;2021;1,4
Letonia;De 55 a 64 años;2020;1,6
Letonia;De 55 a 64 años;2019;0,5
Letonia;De 55 a 64 años;2018;1,6
Letonia;De 55 a 64 años;2017;0,3
Letonia;De 55 a 64 años;2016;-0,1
Letonia;De 55 a 64 años;2015;1,2
Letonia;De 55 a 64 años;2014;-0,1
Letonia;De 55 a 64 años;2013;0,6
Lituania;De 15 a 64 años;2023;1,1
Lituania;De 15 a 64 años;2022;0,3
Lituania;De 15 a 64 años;2021;1
Lituania;De 15 a 64 años;2020;1,2
Lituania;De 15 a 64 años;2019;1
Lituania;De 15 a 64 años;2018;1,7
Lituania;De 15 a 64 años;2017;0,4
Lituania;De 15 a 64 años;2016;1,2
Lituania;De 15 a 64 años;2015;1,5
Lituania;De 15 a 64 años;2014;1,6
Lituania;De 15 a 64 años;2013;1,9
Lituania;De 15 a 24 años;2023;-2,1
Lituania;De 15 a 24 años;2022;-0,7
Lituania;De 15 a 24 años;2021;3,5
Lituania;De 15 a 24 años;2020;2,2
Lituania;De 15 a 24 años;2019;1,1
Lituania;De 15 a 24 años;2018;3,5
Lituania;De 15 a 24 años;2017;3,9
Lituania;De 15 a 24 años;2016;4,7
Lituania;De 15 a 24 años;2015;5,1
Lituania;De 15 a 24 años;2014;6,9
Lituania;De 15 a 24 años;2013;6,1
Lituania;De 25 a 54 años;2023;2,7
Lituania;De 25 a 54 años;2022;1,2
Lituania;De 25 a 54 años;2021;0,7
Lituania;De 25 a 54 años;2020;0,6
Lituania;De 25 a 54 años;2019;0,6
Lituania;De 25 a 54 años;2018;1,1
Lituania;De 25 a 54 años;2017;-0,5
Lituania;De 25 a 54 años;2016;-0,3
Lituania;De 25 a 54 años;2015;0,4
Lituania;De 25 a 54 años;2014;-0,2
Lituania;De 25 a 54 años;2013;0,4
Lituania;De 20 a 64 años;2023;1,5
Lituania;De 20 a 64 años;2022;0,8
Lituania;De 20 a 64 años;2021;1,4
Lituania;De 20 a 64 años;2020;1,7
Lituania;De 20 a 64 años;2019;1,6
Lituania;De 20 a 64 años;2018;2,3
Lituania;De 20 a 64 años;2017;1
Lituania;De 20 a 64 años;2016;1,9
Lituania;De 20 a 64 años;2015;2,4
Lituania;De 20 a 64 años;2014;2,5
Lituania;De 20 a 64 años;2013;2,6
Lituania;De 55 a 64 años;2023;-1,8
Lituania;De 55 a 64 años;2022;-0,8
Lituania;De 55 a 64 años;2021;-0,7
Lituania;De 55 a 64 años;2020;1,5
Lituania;De 55 a 64 años;2019;1,9
Lituania;De 55 a 64 años;2018;3,6
Lituania;De 55 a 64 años;2017;2
Lituania;De 55 a 64 años;2016;4
Lituania;De 55 a 64 años;2015;3,6
Lituania;De 55 a 64 años;2014;4,5
Lituania;De 55 a 64 años;2013;4,9
Luxemburgo;De 15 a 64 años;2023;6,8
Luxemburgo;De 15 a 64 años;2022;5,9
Luxemburgo;De 15 a 64 años;2021;6,6
Luxemburgo;De 15 a 64 años;2020;6,5
Luxemburgo;De 15 a 64 años;2019;8,5
Luxemburgo;De 15 a 64 años;2018;7,2
Luxemburgo;De 15 a 64 años;2017;7,4
Luxemburgo;De 15 a 64 años;2016;10,1
Luxemburgo;De 15 a 64 años;2015;10,5
Luxemburgo;De 15 a 64 años;2014;12,1
Luxemburgo;De 15 a 64 años;2013;13
Luxemburgo;De 15 a 24 años;2023;6,2
Luxemburgo;De 15 a 24 años;2022;-1,9
Luxemburgo;De 15 a 24 años;2021;0,9
Luxemburgo;De 15 a 24 años;2020;0,9
Luxemburgo;De 15 a 24 años;2019;4,8
Luxemburgo;De 15 a 24 años;2018;0
Luxemburgo;De 15 a 24 años;2017;2,5
Luxemburgo;De 15 a 24 años;2016;-1
Luxemburgo;De 15 a 24 años;2015;0,6
Luxemburgo;De 15 a 24 años;2014;3,1
Luxemburgo;De 15 a 24 años;2013;4,8
Luxemburgo;De 25 a 54 años;2023;7,1
Luxemburgo;De 25 a 54 años;2022;5,6
Luxemburgo;De 25 a 54 años;2021;7,5
Luxemburgo;De 25 a 54 años;2020;8
Luxemburgo;De 25 a 54 años;2019;8,7
Luxemburgo;De 25 a 54 años;2018;8,3
Luxemburgo;De 25 a 54 años;2017;7,6
Luxemburgo;De 25 a 54 años;2016;12,1
Luxemburgo;De 25 a 54 años;2015;13,6
Luxemburgo;De 25 a 54 años;2014;13,7
Luxemburgo;De 25 a 54 años;2013;14,6
Luxemburgo;De 20 a 64 años;2023;6,8
Luxemburgo;De 20 a 64 años;2022;6,5
Luxemburgo;De 20 a 64 años;2021;7,4
Luxemburgo;De 20 a 64 años;2020;7,1
Luxemburgo;De 20 a 64 años;2019;9,1
Luxemburgo;De 20 a 64 años;2018;8
Luxemburgo;De 20 a 64 años;2017;7,9
Luxemburgo;De 20 a 64 años;2016;11
Luxemburgo;De 20 a 64 años;2015;11,7
Luxemburgo;De 20 a 64 años;2014;12,9
Luxemburgo;De 20 a 64 años;2013;14,1
Luxemburgo;De 55 a 64 años;2023;8,2
Luxemburgo;De 55 a 64 años;2022;15,7
Luxemburgo;De 55 a 64 años;2021;10
Luxemburgo;De 55 a 64 años;2020;6,7
Luxemburgo;De 55 a 64 años;2019;11,8
Luxemburgo;De 55 a 64 años;2018;10,3
Luxemburgo;De 55 a 64 años;2017;11,5
Luxemburgo;De 55 a 64 años;2016;14
Luxemburgo;De 55 a 64 años;2015;9,3
Luxemburgo;De 55 a 64 años;2014;14,8
Luxemburgo;De 55 a 64 años;2013;15,9
Hungría;De 15 a 64 años;2023;8,5
Hungría;De 15 a 64 años;2022;8,9
Hungría;De 15 a 64 años;2021;9,7
Hungría;De 15 a 64 años;2020;14,7
Hungría;De 15 a 64 años;2019;14,3
Hungría;De 15 a 64 años;2018;14
Hungría;De 15 a 64 años;2017;13,9
Hungría;De 15 a 64 años;2016;12,8
Hungría;De 15 a 64 años;2015;12,5
Hungría;De 15 a 64 años;2014;11,9
Hungría;De 15 a 64 años;2013;11,5
Hungría;De 15 a 24 años;2023;6,8
Hungría;De 15 a 24 años;2022;5,4
Hungría;De 15 a 24 años;2021;7
Hungría;De 15 a 24 años;2020;8
Hungría;De 15 a 24 años;2019;8,8
Hungría;De 15 a 24 años;2018;9,1
Hungría;De 15 a 24 años;2017;8,1
Hungría;De 15 a 24 años;2016;6,9
Hungría;De 15 a 24 años;2015;5
Hungría;De 15 a 24 años;2014;5,9
Hungría;De 15 a 24 años;2013;5,2
Hungría;De 25 a 54 años;2023;6
Hungría;De 25 a 54 años;2022;6,4
Hungría;De 25 a 54 años;2021;7
Hungría;De 25 a 54 años;2020;13,9
Hungría;De 25 a 54 años;2019;12,8
Hungría;De 25 a 54 años;2018;12,7
Hungría;De 25 a 54 años;2017;12,9
Hungría;De 25 a 54 años;2016;12
Hungría;De 25 a 54 años;2015;12,4
Hungría;De 25 a 54 años;2014;12,1
Hungría;De 25 a 54 años;2013;11,3
Hungría;De 20 a 64 años;2023;9,2
Hungría;De 20 a 64 años;2022;9,8
Hungría;De 20 a 64 años;2021;10,6
Hungría;De 20 a 64 años;2020;16,1
Hungría;De 20 a 64 años;2019;15,5
Hungría;De 20 a 64 años;2018;15,3
Hungría;De 20 a 64 años;2017;15,3
Hungría;De 20 a 64 años;2016;14
Hungría;De 20 a 64 años;2015;13,7
Hungría;De 20 a 64 años;2014;13,3
Hungría;De 20 a 64 años;2013;12,7
Hungría;De 55 a 64 años;2023;19,2
Hungría;De 55 a 64 años;2022;21,1
Hungría;De 55 a 64 años;2021;21,2
Hungría;De 55 a 64 años;2020;22,4
Hungría;De 55 a 64 años;2019;22,8
Hungría;De 55 a 64 años;2018;20,6
Hungría;De 55 a 64 años;2017;20,2
Hungría;De 55 a 64 años;2016;18,2
Hungría;De 55 a 64 años;2015;16,7
Hungría;De 55 a 64 años;2014;14,4
Hungría;De 55 a 64 años;2013;13,9
Malta;De 15 a 64 años;2023;13,8
Malta;De 15 a 64 años;2022;12,4
Malta;De 15 a 64 años;2021;15,8
Malta;De 15 a 64 años;2020;17,1
Malta;De 15 a 64 años;2019;18,7
Malta;De 15 a 64 años;2018;20
Malta;De 15 a 64 años;2017;22,5
Malta;De 15 a 64 años;2016;23,9
Malta;De 15 a 64 años;2015;24,5
Malta;De 15 a 64 años;2014;24,1
Malta;De 15 a 64 años;2013;27,1
Malta;De 15 a 24 años;2023;1,5
Malta;De 15 a 24 años;2022;-1,8
Malta;De 15 a 24 años;2021;-1,5
Malta;De 15 a 24 años;2020;0,6
Malta;De 15 a 24 años;2019;0,3
Malta;De 15 a 24 años;2018;-3
Malta;De 15 a 24 años;2017;2,4
Malta;De 15 a 24 años;2016;5,6
Malta;De 15 a 24 años;2015;2
Malta;De 15 a 24 años;2014;-1,2
Malta;De 15 a 24 años;2013;3,2
Malta;De 25 a 54 años;2023;12,5
Malta;De 25 a 54 años;2022;11,9
Malta;De 25 a 54 años;2021;15,3
Malta;De 25 a 54 años;2020;16,7
Malta;De 25 a 54 años;2019;19,2
Malta;De 25 a 54 años;2018;21,1
Malta;De 25 a 54 años;2017;23,7
Malta;De 25 a 54 años;2016;25,6
Malta;De 25 a 54 años;2015;27,5
Malta;De 25 a 54 años;2014;28
Malta;De 25 a 54 años;2013;31,8
Malta;De 20 a 64 años;2023;14,2
Malta;De 20 a 64 años;2022;13,1
Malta;De 20 a 64 años;2021;16,8
Malta;De 20 a 64 años;2020;17,7
Malta;De 20 a 64 años;2019;20
Malta;De 20 a 64 años;2018;21,9
Malta;De 20 a 64 años;2017;24,1
Malta;De 20 a 64 años;2016;25,5
Malta;De 20 a 64 años;2015;26,8
Malta;De 20 a 64 años;2014;26,8
Malta;De 20 a 64 años;2013;29,6
Malta;De 55 a 64 años;2023;24,3
Malta;De 55 a 64 años;2022;21,9
Malta;De 55 a 64 años;2021;28,4
Malta;De 55 a 64 años;2020;29,1
Malta;De 55 a 64 años;2019;30,9
Malta;De 55 a 64 años;2018;34,5
Malta;De 55 a 64 años;2017;34,6
Malta;De 55 a 64 años;2016;33,9
Malta;De 55 a 64 años;2015;34,5
Malta;De 55 a 64 años;2014;34,9
Malta;De 55 a 64 años;2013;35,2
Países Bajos;De 15 a 64 años;2023;7,1
Países Bajos;De 15 a 64 años;2022;7,3
Países Bajos;De 15 a 64 años;2021;7
Países Bajos;De 15 a 64 años;2020;7,7
Países Bajos;De 15 a 64 años;2019;8,1
Países Bajos;De 15 a 64 años;2018;8,8
Países Bajos;De 15 a 64 años;2017;9,1
Países Bajos;De 15 a 64 años;2016;9,5
Países Bajos;De 15 a 64 años;2015;9,8
Países Bajos;De 15 a 64 años;2014;10
Países Bajos;De 15 a 64 años;2013;8,8
Países Bajos;De 15 a 24 años;2023;0,6
Países Bajos;De 15 a 24 años;2022;0,4
Países Bajos;De 15 a 24 años;2021;-4,7
Países Bajos;De 15 a 24 años;2020;-2,2
Países Bajos;De 15 a 24 años;2019;-1,4
Países Bajos;De 15 a 24 años;2018;-2,4
Países Bajos;De 15 a 24 años;2017;-2,6
Países Bajos;De 15 a 24 años;2016;-2,5
Países Bajos;De 15 a 24 años;2015;-1,8
Países Bajos;De 15 a 24 años;2014;-0,1
Países Bajos;De 15 a 24 años;2013;-1
Países Bajos;De 25 a 54 años;2023;7
Países Bajos;De 25 a 54 años;2022;7,3
Países Bajos;De 25 a 54 años;2021;7,6
Países Bajos;De 25 a 54 años;2020;7,8
Países Bajos;De 25 a 54 años;2019;8,2
Países Bajos;De 25 a 54 años;2018;9,3
Países Bajos;De 25 a 54 años;2017;9,8
Países Bajos;De 25 a 54 años;2016;10,4
Países Bajos;De 25 a 54 años;2015;10,5
Países Bajos;De 25 a 54 años;2014;10,4
Países Bajos;De 25 a 54 años;2013;8,1
Países Bajos;De 20 a 64 años;2023;7,8
Países Bajos;De 20 a 64 años;2022;7,9
Países Bajos;De 20 a 64 años;2021;8,2
Países Bajos;De 20 a 64 años;2020;8,9
Países Bajos;De 20 a 64 años;2019;9,3
Países Bajos;De 20 a 64 años;2018;10,1
Países Bajos;De 20 a 64 años;2017;10,5
Países Bajos;De 20 a 64 años;2016;11
Países Bajos;De 20 a 64 años;2015;11,1
Países Bajos;De 20 a 64 años;2014;11,4
Países Bajos;De 20 a 64 años;2013;9,7
Países Bajos;De 55 a 64 años;2023;13,5
Países Bajos;De 55 a 64 años;2022;13,8
Países Bajos;De 55 a 64 años;2021;15,9
Países Bajos;De 55 a 64 años;2020;16,8
Países Bajos;De 55 a 64 años;2019;17,1
Países Bajos;De 55 a 64 años;2018;17,8
Países Bajos;De 55 a 64 años;2017;18,2
Países Bajos;De 55 a 64 años;2016;18,6
Países Bajos;De 55 a 64 años;2015;18,7
Países Bajos;De 55 a 64 años;2014;19
Países Bajos;De 55 a 64 años;2013;20,2
Austria;De 15 a 64 años;2023;7,6
Austria;De 15 a 64 años;2022;8
Austria;De 15 a 64 años;2021;8,6
Austria;De 15 a 64 años;2020;8,2
Austria;De 15 a 64 años;2019;8,8
Austria;De 15 a 64 años;2018;8,8
Austria;De 15 a 64 años;2017;8
Austria;De 15 a 64 años;2016;7,7
Austria;De 15 a 64 años;2015;8
Austria;De 15 a 64 años;2014;8,3
Austria;De 15 a 64 años;2013;9,5
Austria;De 15 a 24 años;2023;6,5
Austria;De 15 a 24 años;2022;7,4
Austria;De 15 a 24 años;2021;8,9
Austria;De 15 a 24 años;2020;4,9
Austria;De 15 a 24 años;2019;6,4
Austria;De 15 a 24 años;2018;5,2
Austria;De 15 a 24 años;2017;3,1
Austria;De 15 a 24 años;2016;3,9
Austria;De 15 a 24 años;2015;5,3
Austria;De 15 a 24 años;2014;4,4
Austria;De 15 a 24 años;2013;7,1
Austria;De 25 a 54 años;2023;4,8
Austria;De 25 a 54 años;2022;5,5
Austria;De 25 a 54 años;2021;6,2
Austria;De 25 a 54 años;2020;6,1
Austria;De 25 a 54 años;2019;6,4
Austria;De 25 a 54 años;2018;6,5
Austria;De 25 a 54 años;2017;6,2
Austria;De 25 a 54 años;2016;6
Austria;De 25 a 54 años;2015;6,3
Austria;De 25 a 54 años;2014;6,3
Austria;De 25 a 54 años;2013;7,3
Austria;De 20 a 64 años;2023;7,8
Austria;De 20 a 64 años;2022;7,8
Austria;De 20 a 64 años;2021;8,6
Austria;De 20 a 64 años;2020;8
Austria;De 20 a 64 años;2019;8,8
Austria;De 20 a 64 años;2018;9
Austria;De 20 a 64 años;2017;8
Austria;De 20 a 64 años;2016;7,8
Austria;De 20 a 64 años;2015;8,2
Austria;De 20 a 64 años;2014;8,2
Austria;De 20 a 64 años;2013;9,5
Austria;De 55 a 64 años;2023;16
Austria;De 55 a 64 años;2022;14,9
Austria;De 55 a 64 años;2021;14,4
Austria;De 55 a 64 años;2020;15,7
Austria;De 55 a 64 años;2019;17,1
Austria;De 55 a 64 años;2018;18,7
Austria;De 55 a 64 años;2017;17,3
Austria;De 55 a 64 años;2016;16,5
Austria;De 55 a 64 años;2015;15,3
Austria;De 55 a 64 años;2014;17,9
Austria;De 55 a 64 años;2013;18,3
Polonia;De 15 a 64 años;2023;11,1
Polonia;De 15 a 64 años;2022;11,9
Polonia;De 15 a 64 años;2021;13
Polonia;De 15 a 64 años;2020;14,4
Polonia;De 15 a 64 años;2019;14,2
Polonia;De 15 a 64 años;2018;13,2
Polonia;De 15 a 64 años;2017;13,3
Polonia;De 15 a 64 años;2016;12,9
Polonia;De 15 a 64 años;2015;12,6
Polonia;De 15 a 64 años;2014;13
Polonia;De 15 a 64 años;2013;13,2
Polonia;De 15 a 24 años;2023;6,9
Polonia;De 15 a 24 años;2022;8,5
Polonia;De 15 a 24 años;2021;8,8
Polonia;De 15 a 24 años;2020;8,1
Polonia;De 15 a 24 años;2019;7,6
Polonia;De 15 a 24 años;2018;7,7
Polonia;De 15 a 24 años;2017;8,7
Polonia;De 15 a 24 años;2016;9,1
Polonia;De 15 a 24 años;2015;9,2
Polonia;De 15 a 24 años;2014;8,7
Polonia;De 15 a 24 años;2013;9,1
Polonia;De 25 a 54 años;2023;8,3
Polonia;De 25 a 54 años;2022;8,6
Polonia;De 25 a 54 años;2021;10,3
Polonia;De 25 a 54 años;2020;13
Polonia;De 25 a 54 años;2019;12,8
Polonia;De 25 a 54 años;2018;11,6
Polonia;De 25 a 54 años;2017;12
Polonia;De 25 a 54 años;2016;11,6
Polonia;De 25 a 54 años;2015;11
Polonia;De 25 a 54 años;2014;11,2
Polonia;De 25 a 54 años;2013;11,5
Polonia;De 20 a 64 años;2023;11,9
Polonia;De 20 a 64 años;2022;12,9
Polonia;De 20 a 64 años;2021;14
Polonia;De 20 a 64 años;2020;15,7
Polonia;De 20 a 64 años;2019;15,4
Polonia;De 20 a 64 años;2018;14,4
Polonia;De 20 a 64 años;2017;14,6
Polonia;De 20 a 64 años;2016;14,2
Polonia;De 20 a 64 años;2015;13,8
Polonia;De 20 a 64 años;2014;14,2
Polonia;De 20 a 64 años;2013;14,5
Polonia;De 55 a 64 años;2023;23,4
Polonia;De 55 a 64 años;2022;24,9
Polonia;De 55 a 64 años;2021;24,3
Polonia;De 55 a 64 años;2020;22,7
Polonia;De 55 a 64 años;2019;21,8
Polonia;De 55 a 64 años;2018;20,7
Polonia;De 55 a 64 años;2017;19
Polonia;De 55 a 64 años;2016;18,1
Polonia;De 55 a 64 años;2015;18,7
Polonia;De 55 a 64 años;2014;20,2
Polonia;De 55 a 64 años;2013;20,3
Portugal;De 15 a 64 años;2023;4,5
Portugal;De 15 a 64 años;2022;4,6
Portugal;De 15 a 64 años;2021;5
Portugal;De 15 a 64 años;2020;5
Portugal;De 15 a 64 años;2019;6
Portugal;De 15 a 64 años;2018;5,8
Portugal;De 15 a 64 años;2017;6,3
Portugal;De 15 a 64 años;2016;5,9
Portugal;De 15 a 64 años;2015;5,8
Portugal;De 15 a 64 años;2014;6,2
Portugal;De 15 a 64 años;2013;5,8
Portugal;De 15 a 24 años;2023;2,7
Portugal;De 15 a 24 años;2022;4,1
Portugal;De 15 a 24 años;2021;5,4
Portugal;De 15 a 24 años;2020;4,3
Portugal;De 15 a 24 años;2019;4,9
Portugal;De 15 a 24 años;2018;4,2
Portugal;De 15 a 24 años;2017;3,5
Portugal;De 15 a 24 años;2016;3,2
Portugal;De 15 a 24 años;2015;2,6
Portugal;De 15 a 24 años;2014;1
Portugal;De 15 a 24 años;2013;2,8
Portugal;De 25 a 54 años;2023;4,9
Portugal;De 25 a 54 años;2022;4,2
Portugal;De 25 a 54 años;2021;4,2
Portugal;De 25 a 54 años;2020;4,9
Portugal;De 25 a 54 años;2019;5,6
Portugal;De 25 a 54 años;2018;6,1
Portugal;De 25 a 54 años;2017;5,9
Portugal;De 25 a 54 años;2016;5,4
Portugal;De 25 a 54 años;2015;5,7
Portugal;De 25 a 54 años;2014;6,3
Portugal;De 25 a 54 años;2013;4,7
Portugal;De 20 a 64 años;2023;5,6
Portugal;De 20 a 64 años;2022;5,6
Portugal;De 20 a 64 años;2021;5,9
Portugal;De 20 a 64 años;2020;5,9
Portugal;De 20 a 64 años;2019;7,2
Portugal;De 20 a 64 años;2018;6,8
Portugal;De 20 a 64 años;2017;7,5
Portugal;De 20 a 64 años;2016;6,8
Portugal;De 20 a 64 años;2015;6,7
Portugal;De 20 a 64 años;2014;7,1
Portugal;De 20 a 64 años;2013;6,4
Portugal;De 55 a 64 años;2023;7,6
Portugal;De 55 a 64 años;2022;9,5
Portugal;De 55 a 64 años;2021;10,3
Portugal;De 55 a 64 años;2020;9,1
Portugal;De 55 a 64 años;2019;11,4
Portugal;De 55 a 64 años;2018;9,9
Portugal;De 55 a 64 años;2017;12,8
Portugal;De 55 a 64 años;2016;12,2
Portugal;De 55 a 64 años;2015;11,5
Portugal;De 55 a 64 años;2014;12,2
Portugal;De 55 a 64 años;2013;12,5
Rumanía;De 15 a 64 años;2023;17,4
Rumanía;De 15 a 64 años;2022;17,1
Rumanía;De 15 a 64 años;2021;18,6
Rumanía;De 15 a 64 años;2020;17,9
Rumanía;De 15 a 64 años;2019;17,8
Rumanía;De 15 a 64 años;2018;17
Rumanía;De 15 a 64 años;2017;16
Rumanía;De 15 a 64 años;2016;16,4
Rumanía;De 15 a 64 años;2015;16,3
Rumanía;De 15 a 64 años;2014;15,4
Rumanía;De 15 a 64 años;2013;14,2
Rumanía;De 15 a 24 años;2023;9,7
Rumanía;De 15 a 24 años;2022;10,5
Rumanía;De 15 a 24 años;2021;9,9
Rumanía;De 15 a 24 años;2020;9,5
Rumanía;De 15 a 24 años;2019;10,5
Rumanía;De 15 a 24 años;2018;8,6
Rumanía;De 15 a 24 años;2017;8
Rumanía;De 15 a 24 años;2016;10,1
Rumanía;De 15 a 24 años;2015;10,1
Rumanía;De 15 a 24 años;2014;8,6
Rumanía;De 15 a 24 años;2013;7,7
Rumanía;De 25 a 54 años;2023;17,6
Rumanía;De 25 a 54 años;2022;17,2
Rumanía;De 25 a 54 años;2021;19,1
Rumanía;De 25 a 54 años;2020;17,9
Rumanía;De 25 a 54 años;2019;17
Rumanía;De 25 a 54 años;2018;16,6
Rumanía;De 25 a 54 años;2017;15,8
Rumanía;De 25 a 54 años;2016;16,3
Rumanía;De 25 a 54 años;2015;16
Rumanía;De 25 a 54 años;2014;15,3
Rumanía;De 25 a 54 años;2013;13,9
Rumanía;De 20 a 64 años;2023;19,1
Rumanía;De 20 a 64 años;2022;18,6
Rumanía;De 20 a 64 años;2021;20,1
Rumanía;De 20 a 64 años;2020;19,3
Rumanía;De 20 a 64 años;2019;19
Rumanía;De 20 a 64 años;2018;18,3
Rumanía;De 20 a 64 años;2017;17,1
Rumanía;De 20 a 64 años;2016;17,6
Rumanía;De 20 a 64 años;2015;17,5
Rumanía;De 20 a 64 años;2014;16,7
Rumanía;De 20 a 64 años;2013;15,4
Rumanía;De 55 a 64 años;2023;22,5
Rumanía;De 55 a 64 años;2022;21,9
Rumanía;De 55 a 64 años;2021;22,4
Rumanía;De 55 a 64 años;2020;22,9
Rumanía;De 55 a 64 años;2019;23,6
Rumanía;De 55 a 64 años;2018;22,2
Rumanía;De 55 a 64 años;2017;20,4
Rumanía;De 55 a 64 años;2016;19,4
Rumanía;De 55 a 64 años;2015;19,1
Rumanía;De 55 a 64 años;2014;19
Rumanía;De 55 a 64 años;2013;18,8
Eslovenia;De 15 a 64 años;2023;6
Eslovenia;De 15 a 64 años;2022;6,4
Eslovenia;De 15 a 64 años;2021;6,4
Eslovenia;De 15 a 64 años;2020;5,9
Eslovenia;De 15 a 64 años;2019;6,2
Eslovenia;De 15 a 64 años;2018;7
Eslovenia;De 15 a 64 años;2017;6,7
Eslovenia;De 15 a 64 años;2016;6,3
Eslovenia;De 15 a 64 años;2015;8,2
Eslovenia;De 15 a 64 años;2014;7,5
Eslovenia;De 15 a 64 años;2013;7,9
Eslovenia;De 15 a 24 años;2023;7,9
Eslovenia;De 15 a 24 años;2022;6
Eslovenia;De 15 a 24 años;2021;5,6
Eslovenia;De 15 a 24 años;2020;5,6
Eslovenia;De 15 a 24 años;2019;6,3
Eslovenia;De 15 a 24 años;2018;7,8
Eslovenia;De 15 a 24 años;2017;8,2
Eslovenia;De 15 a 24 años;2016;5
Eslovenia;De 15 a 24 años;2015;4,9
Eslovenia;De 15 a 24 años;2014;5,5
Eslovenia;De 15 a 24 años;2013;6,7
Eslovenia;De 25 a 54 años;2023;4,5
Eslovenia;De 25 a 54 años;2022;4,9
Eslovenia;De 25 a 54 años;2021;4,9
Eslovenia;De 25 a 54 años;2020;4,8
Eslovenia;De 25 a 54 años;2019;4,8
Eslovenia;De 25 a 54 años;2018;5,2
Eslovenia;De 25 a 54 años;2017;5
Eslovenia;De 25 a 54 años;2016;4,4
Eslovenia;De 25 a 54 años;2015;6,6
Eslovenia;De 25 a 54 años;2014;5,5
Eslovenia;De 25 a 54 años;2013;5
Eslovenia;De 20 a 64 años;2023;6,1
Eslovenia;De 20 a 64 años;2022;6,9
Eslovenia;De 20 a 64 años;2021;6,7
Eslovenia;De 20 a 64 años;2020;6,2
Eslovenia;De 20 a 64 años;2019;6,8
Eslovenia;De 20 a 64 años;2018;7,3
Eslovenia;De 20 a 64 años;2017;7,2
Eslovenia;De 20 a 64 años;2016;6,6
Eslovenia;De 20 a 64 años;2015;8,6
Eslovenia;De 20 a 64 años;2014;8
Eslovenia;De 20 a 64 años;2013;8,2
Eslovenia;De 55 a 64 años;2023;6,9
Eslovenia;De 55 a 64 años;2022;8,3
Eslovenia;De 55 a 64 años;2021;8,6
Eslovenia;De 55 a 64 años;2020;7,8
Eslovenia;De 55 a 64 años;2019;9,2
Eslovenia;De 55 a 64 años;2018;10,3
Eslovenia;De 55 a 64 años;2017;10,5
Eslovenia;De 55 a 64 años;2016;10,2
Eslovenia;De 55 a 64 años;2015;12,1
Eslovenia;De 55 a 64 años;2014;12,8
Eslovenia;De 55 a 64 años;2013;16,6
República Eslovaca;De 15 a 64 años;2023;7,1
República Eslovaca;De 15 a 64 años;2022;7,4
República Eslovaca;De 15 a 64 años;2021;7,7
República Eslovaca;De 15 a 64 años;2020;11,6
República Eslovaca;De 15 a 64 años;2019;12
República Eslovaca;De 15 a 64 años;2018;12,7
República Eslovaca;De 15 a 64 años;2017;11,7
República Eslovaca;De 15 a 64 años;2016;13,1
República Eslovaca;De 15 a 64 años;2015;13,6
República Eslovaca;De 15 a 64 años;2014;13,3
República Eslovaca;De 15 a 64 años;2013;13
República Eslovaca;De 15 a 24 años;2023;7,6
República Eslovaca;De 15 a 24 años;2022;10,8
República Eslovaca;De 15 a 24 años;2021;9,8
República Eslovaca;De 15 a 24 años;2020;12
República Eslovaca;De 15 a 24 años;2019;13,8
República Eslovaca;De 15 a 24 años;2018;13,4
República Eslovaca;De 15 a 24 años;2017;11,3
República Eslovaca;De 15 a 24 años;2016;13,7
República Eslovaca;De 15 a 24 años;2015;10,4
República Eslovaca;De 15 a 24 años;2014;10,3
República Eslovaca;De 15 a 24 años;2013;8,2
República Eslovaca;De 25 a 54 años;2023;7
República Eslovaca;De 25 a 54 años;2022;7,3
República Eslovaca;De 25 a 54 años;2021;7,4
República Eslovaca;De 25 a 54 años;2020;12,9
República Eslovaca;De 25 a 54 años;2019;12,9
República Eslovaca;De 25 a 54 años;2018;13,5
República Eslovaca;De 25 a 54 años;2017;12,9
República Eslovaca;De 25 a 54 años;2016;12,8
República Eslovaca;De 25 a 54 años;2015;14,2
República Eslovaca;De 25 a 54 años;2014;13
República Eslovaca;De 25 a 54 años;2013;12,6
República Eslovaca;De 20 a 64 años;2023;7,7
República Eslovaca;De 20 a 64 años;2022;8,1
República Eslovaca;De 20 a 64 años;2021;8,5
República Eslovaca;De 20 a 64 años;2020;12,6
República Eslovaca;De 20 a 64 años;2019;13
República Eslovaca;De 20 a 64 años;2018;13,7
República Eslovaca;De 20 a 64 años;2017;12,8
República Eslovaca;De 20 a 64 años;2016;14,2
República Eslovaca;De 20 a 64 años;2015;14,7
República Eslovaca;De 20 a 64 años;2014;14,6
República Eslovaca;De 20 a 64 años;2013;14,4
República Eslovaca;De 55 a 64 años;2023;6,7
República Eslovaca;De 55 a 64 años;2022;5,1
República Eslovaca;De 55 a 64 años;2021;7
República Eslovaca;De 55 a 64 años;2020;6,5
República Eslovaca;De 55 a 64 años;2019;6,4
República Eslovaca;De 55 a 64 años;2018;8
República Eslovaca;De 55 a 64 años;2017;7
República Eslovaca;De 55 a 64 años;2016;11,6
República Eslovaca;De 55 a 64 años;2015;12,6
República Eslovaca;De 55 a 64 años;2014;15,9
República Eslovaca;De 55 a 64 años;2013;17,6
Finlandia;De 15 a 64 años;2023;-0,2
Finlandia;De 15 a 64 años;2022;0,8
Finlandia;De 15 a 64 años;2021;1,9
Finlandia;De 15 a 64 años;2020;2,7
Finlandia;De 15 a 64 años;2019;2,3
Finlandia;De 15 a 64 años;2018;2,9
Finlandia;De 15 a 64 años;2017;2,9
Finlandia;De 15 a 64 años;2016;2,9
Finlandia;De 15 a 64 años;2015;1,6
Finlandia;De 15 a 64 años;2014;1,5
Finlandia;De 15 a 64 años;2013;2,1
Finlandia;De 15 a 24 años;2023;-4
Finlandia;De 15 a 24 años;2022;-1,3
Finlandia;De 15 a 24 años;2021;-0,3
Finlandia;De 15 a 24 años;2020;-0,7
Finlandia;De 15 a 24 años;2019;-1
Finlandia;De 15 a 24 años;2018;-2,9
Finlandia;De 15 a 24 años;2017;-2,3
Finlandia;De 15 a 24 años;2016;-3,2
Finlandia;De 15 a 24 años;2015;-4,7
Finlandia;De 15 a 24 años;2014;-3,2
Finlandia;De 15 a 24 años;2013;-4,8
Finlandia;De 25 a 54 años;2023;1,5
Finlandia;De 25 a 54 años;2022;2,3
Finlandia;De 25 a 54 años;2021;2,9
Finlandia;De 25 a 54 años;2020;4,7
Finlandia;De 25 a 54 años;2019;4,9
Finlandia;De 25 a 54 años;2018;5,8
Finlandia;De 25 a 54 años;2017;5,4
Finlandia;De 25 a 54 años;2016;6,3
Finlandia;De 25 a 54 años;2015;5,2
Finlandia;De 25 a 54 años;2014;4,6
Finlandia;De 25 a 54 años;2013;5,8
Finlandia;De 20 a 64 años;2023;0,2
Finlandia;De 20 a 64 años;2022;1,2
Finlandia;De 20 a 64 años;2021;2
Finlandia;De 20 a 64 años;2020;2,9
Finlandia;De 20 a 64 años;2019;2,7
Finlandia;De 20 a 64 años;2018;3,7
Finlandia;De 20 a 64 años;2017;3,5
Finlandia;De 20 a 64 años;2016;3,3
Finlandia;De 20 a 64 años;2015;2,1
Finlandia;De 20 a 64 años;2014;1,9
Finlandia;De 20 a 64 años;2013;2,8
Finlandia;De 55 a 64 años;2023;-3,4
Finlandia;De 55 a 64 años;2022;-2,6
Finlandia;De 55 a 64 años;2021;-0,9
Finlandia;De 55 a 64 años;2020;-1,8
Finlandia;De 55 a 64 años;2019;-3,8
Finlandia;De 55 a 64 años;2018;-2,2
Finlandia;De 55 a 64 años;2017;-1,7
Finlandia;De 55 a 64 años;2016;-3,2
Finlandia;De 55 a 64 años;2015;-5,1
Finlandia;De 55 a 64 años;2014;-4,6
Finlandia;De 55 a 64 años;2013;-4
Suecia;De 15 a 64 años;2023;3,6
Suecia;De 15 a 64 años;2022;4,7
Suecia;De 15 a 64 años;2021;4,1
Suecia;De 15 a 64 años;2020;3,9
Suecia;De 15 a 64 años;2019;3,4
Suecia;De 15 a 64 años;2018;2,9
Suecia;De 15 a 64 años;2017;2,9
Suecia;De 15 a 64 años;2016;2,7
Suecia;De 15 a 64 años;2015;3
Suecia;De 15 a 64 años;2014;3,4
Suecia;De 15 a 64 años;2013;3,8
Suecia;De 15 a 24 años;2023;0
Suecia;De 15 a 24 años;2022;2,4
Suecia;De 15 a 24 años;2021;-1,9
Suecia;De 15 a 24 años;2020;-0,9
Suecia;De 15 a 24 años;2019;-2,2
Suecia;De 15 a 24 años;2018;-3,4
Suecia;De 15 a 24 años;2017;-2,1
Suecia;De 15 a 24 años;2016;-2,8
Suecia;De 15 a 24 años;2015;-3,1
Suecia;De 15 a 24 años;2014;-2,4
Suecia;De 15 a 24 años;2013;-2,4
Suecia;De 25 a 54 años;2023;4,4
Suecia;De 25 a 54 años;2022;5,8
Suecia;De 25 a 54 años;2021;6,5
Suecia;De 25 a 54 años;2020;5,5
Suecia;De 25 a 54 años;2019;5,3
Suecia;De 25 a 54 años;2018;4,6
Suecia;De 25 a 54 años;2017;4,4
Suecia;De 25 a 54 años;2016;4,4
Suecia;De 25 a 54 años;2015;4,6
Suecia;De 25 a 54 años;2014;5
Suecia;De 25 a 54 años;2013;5,3
Suecia;De 20 a 64 años;2023;4,7
Suecia;De 20 a 64 años;2022;5,8
Suecia;De 20 a 64 años;2021;5,3
Suecia;De 20 a 64 años;2020;4,9
Suecia;De 20 a 64 años;2019;4,7
Suecia;De 20 a 64 años;2018;4,2
Suecia;De 20 a 64 años;2017;4
Suecia;De 20 a 64 años;2016;3,8
Suecia;De 20 a 64 años;2015;4,2
Suecia;De 20 a 64 años;2014;4,6
Suecia;De 20 a 64 años;2013;5
Suecia;De 55 a 64 años;2023;5,4
Suecia;De 55 a 64 años;2022;4,8
Suecia;De 55 a 64 años;2021;3,3
Suecia;De 55 a 64 años;2020;4,5
Suecia;De 55 a 64 años;2019;4,2
Suecia;De 55 a 64 años;2018;4,7
Suecia;De 55 a 64 años;2017;4
Suecia;De 55 a 64 años;2016;4
Suecia;De 55 a 64 años;2015;4,7
Suecia;De 55 a 64 años;2014;5
Suecia;De 55 a 64 años;2013;6,6
Reino Unido;De 15 a 64 años;2023;..
Reino Unido;De 15 a 64 años;2022;..
Reino Unido;De 15 a 64 años;2021;..
Reino Unido;De 15 a 64 años;2020;..
Reino Unido;De 15 a 64 años;2019;8,1
Reino Unido;De 15 a 64 años;2018;8,8
Reino Unido;De 15 a 64 años;2017;8,9
Reino Unido;De 15 a 64 años;2016;9,4
Reino Unido;De 15 a 64 años;2015;9,7
Reino Unido;De 15 a 64 años;2014;9,7
Reino Unido;De 15 a 64 años;2013;9,7
Reino Unido;De 15 a 24 años;2023;..
Reino Unido;De 15 a 24 años;2022;..
Reino Unido;De 15 a 24 años;2021;..
Reino Unido;De 15 a 24 años;2020;..
Reino Unido;De 15 a 24 años;2019;-0,5
Reino Unido;De 15 a 24 años;2018;1,5
Reino Unido;De 15 a 24 años;2017;-0,5
Reino Unido;De 15 a 24 años;2016;-0,7
Reino Unido;De 15 a 24 años;2015;0,6
Reino Unido;De 15 a 24 años;2014;0,4
Reino Unido;De 15 a 24 años;2013;0,3
Reino Unido;De 25 a 54 años;2023;..
Reino Unido;De 25 a 54 años;2022;..
Reino Unido;De 25 a 54 años;2021;..
Reino Unido;De 25 a 54 años;2020;..
Reino Unido;De 25 a 54 años;2019;10,6
Reino Unido;De 25 a 54 años;2018;11
Reino Unido;De 25 a 54 años;2017;11,5
Reino Unido;De 25 a 54 años;2016;12
Reino Unido;De 25 a 54 años;2015;11,7
Reino Unido;De 25 a 54 años;2014;11,8
Reino Unido;De 25 a 54 años;2013;11,5
Reino Unido;De 20 a 64 años;2023;..
Reino Unido;De 20 a 64 años;2022;..
Reino Unido;De 20 a 64 años;2021;..
Reino Unido;De 20 a 64 años;2020;..
Reino Unido;De 20 a 64 años;2019;9,4
Reino Unido;De 20 a 64 años;2018;9,9
Reino Unido;De 20 a 64 años;2017;10,2
Reino Unido;De 20 a 64 años;2016;11
Reino Unido;De 20 a 64 años;2015;11,2
Reino Unido;De 20 a 64 años;2014;11,3
Reino Unido;De 20 a 64 años;2013;11,1
Reino Unido;De 55 a 64 años;2023;..
Reino Unido;De 55 a 64 años;2022;..
Reino Unido;De 55 a 64 años;2021;..
Reino Unido;De 55 a 64 años;2020;..
Reino Unido;De 55 a 64 años;2019;9
Reino Unido;De 55 a 64 años;2018;9,7
Reino Unido;De 55 a 64 años;2017;10,1
Reino Unido;De 55 a 64 años;2016;12,1
Reino Unido;De 55 a 64 años;2015;12,6
Reino Unido;De 55 a 64 años;2014;13,4
Reino Unido;De 55 a 64 años;2013;13,8
